Model,Avg R2 Score (3-fold CV)
CatBoost,0.007439590603413149
Decision Tree,-0.18104740413464546
ElasticNet,0.22530726616095095
Gradient Boosting,-0.045078957780899064
Huber,-2.7804630996864597
KNN,-0.11004391458034057
Lasso Regression,0.131328635580551
Linear Regression,-2.1996784365845996
M-estimators,-3.2369618126179276
Passive Aggressive,-7.894166124179477
Random Forest,0.2355832052360175
Ridge Regression,-1.3791366834865995
SVR,-0.3097184562191388
XGBoost,0.033158798550998646
