Feature Set,R2 Score
Original,0.4742402774092389
Interaction,0.4640522361596915
Polynomial,0.465969276323725
