index,simple_voting,weighted_voting
39,6.51310844062086,4.529207670149097
25,6.231651414910837,7.236237180226814
26,5.214938481481674,3.677884537626973
43,6.084570282390645,4.5988577818291025
35,6.362174702606426,5.128819135422817
41,6.069124889764405,3.8575201954450735
4,8.968948462520187,10.071701051928558
12,7.194652931078887,7.266973865065624
8,7.926592053608907,8.44326849422746
