Metric,Simple Voting,Weighted Voting
MAE,5.921189464667501e-16,0.0
MSE,7.012096935297882e-31,0.0
RMSE,8.373826446313467e-16,0.0
R2,1.0,1.0
