,Actual,Stacked_Predictions,Bagging_Predictions
39,5.3,5.406621231913286,5.623999999999999
25,10.1,7.860594221319532,5.82
26,1.4,4.976238326828156,4.5340000000000025
43,3.3,5.707169103506077,4.735999999999998
35,4.0,6.146454338216365,5.326000000000001
41,4.3,4.975301580115903,4.403999999999999
4,11.3,9.373081689281875,9.855999999999995
12,7.3,7.450764310820975,7.058
8,9.2,8.331401066109589,7.615999999999997
