,Metric,Stacking,Bagging
0,MAE,1.566385768298863,1.5415555555555562
1,MSE,3.6848618448377377,4.08103066666667
2,RMSE,1.9195993969674343,2.020156099579107
3,R2,0.6400026421036585,0.6012984151489564
