index,simple_voting,weighted_voting
39,6.51310844062086,6.513108440620861
25,6.231651414910837,6.231651414910836
26,5.214938481481674,5.214938481481674
43,6.084570282390645,6.084570282390646
35,6.362174702606426,6.362174702606426
41,6.069124889764405,6.069124889764405
4,8.968948462520187,8.968948462520187
12,7.194652931078887,7.194652931078889
8,7.926592053608907,7.926592053608906
