index,CatBoost,Decision Tree,ElasticNet,Gradient Boosting,Huber,KNN,Lasso Regression,Linear Regression,M-estimators,Passive Aggressive,Random Forest,Ridge Regression,SVR,XGBoost,simple_voting,weighted_voting,Seed
39,4.992204048,5.1,8.578657771,4.811172192,5.460492159,7.52,8.520259982,5.481784609,7.851026303,9.648576523,5.427,6.150323362,7.733041327,3.908979893,6.513108441,6.513108441,5.3
25,7.305555302,3.6,7.576700803,5.783952605,5.66694984,5.42,7.601620477,5.212605501,4.794665822,7.234977026,5.968,5.746570508,6.959694799,8.371827126,6.231651415,6.231651415,10.1
26,4.222195793,3.4,7.523267848,3.449651715,5.264872771,5.42,7.55557702,4.848375543,4.104644295,7.092135199,4.403,5.44607923,6.870534672,3.408804655,5.214938481,5.214938481,1.4
43,4.69876804,2.2,7.785723058,3.959662453,4.494341112,8.22,7.868758216,5.595800486,8.653974325,8.594986277,4.508,5.946871831,7.616660457,5.040437698,6.084570282,6.084570282,3.3
35,5.449995084,4.4,7.553764536,4.406406429,5.672640709,7.62,7.644477585,5.681530636,7.104978834,8.822556623,5.307,6.054809552,7.899127946,5.453157902,6.362174703,6.362174703,4
41,3.435946809,2.2,7.812419294,3.597932213,4.603139481,8.22,7.891966789,6.197692383,9.219130675,8.868788541,4.319,6.412927471,7.764204199,4.424600601,6.06912489,6.06912489,4.3
4,9.078340838,9.4,7.883691867,9.730014355,9.277049,7.54,7.774873255,9.866303271,10.17270716,7.49472174,9.552,9.473832245,7.135744868,11.18599987,8.968948463,8.968948463,11.3
12,7.115957725,6,7.658409557,7.029466841,7.270525729,8.06,7.664316754,7.140090672,6.521149377,7.272258001,6.961,7.317908825,7.125153648,7.588903904,7.194652931,7.194652931,7.3
8,8.138515388,7,7.754577139,8.023862011,8.118258928,8.1,7.690689856,8.275502975,7.601908623,8.09392605,7.503,8.220928083,7.407416618,9.043703079,7.926592054,7.926592054,9.2
